key,group,condition,vi,en,args
STR_UGLY_QUIP_OPEN_RECENT_1,Mở trang vở (xoay vòng 3 câu),Mở trang Gần đây,Gần đây toàn sách đọc dở. Giỏi vl.,Recent: a graveyard of half-read books.,
STR_UGLY_QUIP_OPEN_RECENT_2,Mở trang vở (xoay vòng 3 câu),Mở trang Gần đây,Mở ra là thấy nợ. Đọc đi.,"Open it, see your debts. Read.",
STR_UGLY_QUIP_OPEN_RECENT_3,Mở trang vở (xoay vòng 3 câu),Mở trang Gần đây,Lại lục đống bỏ dở à?,Digging through the quit pile again?,
STR_UGLY_QUIP_OPEN_FAV_1,Mở trang vở (xoay vòng 3 câu),Mở trang Yêu thích,Yêu thích mà có đọc đâu. Sĩ vãi.,Favorites you never read. Poser.,
STR_UGLY_QUIP_OPEN_FAV_2,Mở trang vở (xoay vòng 3 câu),Mở trang Yêu thích,Ghim cho đẹp đội hình à?,"Pinned for the aesthetic, huh?",
STR_UGLY_QUIP_OPEN_FAV_3,Mở trang vở (xoay vòng 3 câu),Mở trang Yêu thích,Toàn hàng tuyển. Mở đọc thử phát coi.,All prime picks. Try opening one.,
STR_UGLY_QUIP_OPEN_FOLDER_1,Mở trang vở (xoay vòng 3 câu),Mở trang File,Cả đống sách. Đọc được mấy cuốn?,A pile of books. Read how many?,
STR_UGLY_QUIP_OPEN_FOLDER_2,Mở trang vở (xoay vòng 3 câu),Mở trang File,Lục thẻ như lục tủ lạnh. Đói chữ à?,Raiding the card like a fridge. Hungry?,
STR_UGLY_QUIP_OPEN_FOLDER_3,Mở trang vở (xoay vòng 3 câu),Mở trang File,"Tải về cho lắm, đọc thì chưa.","Downloaded tons. Read, not so much.",
STR_UGLY_QUIP_OPEN_STATS_1,Mở trang vở (xoay vòng 3 câu),Mở trang Thống kê,Xem số chi cho đau?,Why look? It only hurts.,
STR_UGLY_QUIP_OPEN_STATS_2,Mở trang vở (xoay vòng 3 câu),Mở trang Thống kê,Số liệu thảm vãi. Mở chi?,These numbers suck. Why open this?,
STR_UGLY_QUIP_OPEN_STATS_3,Mở trang vở (xoay vòng 3 câu),Mở trang Thống kê,Thống kê đây. Khóc nhỏ thôi.,Here are your stats. Cry quietly.,
STR_UGLY_QUIP_OPEN_SETTINGS_1,Mở trang vở (xoay vòng 3 câu),Mở trang Cài đặt,Lại vọc. Đọc thì lười.,Tweaking again. Reading? Too lazy.,
STR_UGLY_QUIP_OPEN_SETTINGS_2,Mở trang vở (xoay vòng 3 câu),Mở trang Cài đặt,"Chỉnh hoài, chữ có tự chui vô đầu đâu.",Tweak all day. Words won't read themselves.,
STR_UGLY_QUIP_OPEN_SETTINGS_3,Mở trang vở (xoay vòng 3 câu),Mở trang Cài đặt,Vào cài đặt là siêng dữ ha.,Suddenly so hardworking in Settings.,
STR_UGLY_QUIP_CAT_DISPLAY_1,Mở nhóm cài đặt (xoay vòng 2 câu),Mở nhóm Hiển thị,Màn xấu hết cứu. Chỉnh chi?,The screen is what it is. Why bother?,
STR_UGLY_QUIP_CAT_DISPLAY_2,Mở nhóm cài đặt (xoay vòng 2 câu),Mở nhóm Hiển thị,Vọc màn hình. Sách thì đắp chiếu.,Fiddling with the screen. Books gathering dust.,
STR_UGLY_QUIP_CAT_SLEEP_1,Mở nhóm cài đặt (xoay vòng 2 câu),Mở nhóm Ngủ,Chưa đọc đã lo ngủ. Chuẩn mày.,"Haven't read a page, already planning sleep.",
STR_UGLY_QUIP_CAT_SLEEP_2,Mở nhóm cài đặt (xoay vòng 2 câu),Mở nhóm Ngủ,Khoản ngủ thì mày rành nhất.,Sleep. Your one true talent.,
STR_UGLY_QUIP_CAT_READER_1,Mở nhóm cài đặt (xoay vòng 2 câu),Mở nhóm Trình đọc,Chỉnh trình đọc kỹ thế. Rồi có đọc không?,So picky about the reader. Will you read?,
STR_UGLY_QUIP_CAT_READER_2,Mở nhóm cài đặt (xoay vòng 2 câu),Mở nhóm Trình đọc,Setup ngon rồi. Còn thiếu đúng người đọc.,Setup's perfect. Just missing a reader.,
STR_UGLY_QUIP_CAT_CONTROLS_1,Mở nhóm cài đặt (xoay vòng 2 câu),Mở nhóm Điều khiển,"Bấm nút thì giỏi, lật trang thì lười.",Great at buttons. Terrible at turning pages.,
STR_UGLY_QUIP_CAT_CONTROLS_2,Mở nhóm cài đặt (xoay vòng 2 câu),Mở nhóm Điều khiển,Gán nút lung tung rồi quên. Đừng kêu.,"Remap it all, forget it all. Don't whine.",
STR_UGLY_QUIP_CAT_MOTION_1,Mở nhóm cài đặt (xoay vòng 2 câu),Mở nhóm Cử chỉ (chỉ X3),Lắc lắc nghiêng nghiêng. Đọc hay nhảy?,"Shaking, tilting. Reading or dancing?",
STR_UGLY_QUIP_CAT_MOTION_2,Mở nhóm cài đặt (xoay vòng 2 câu),Mở nhóm Cử chỉ (chỉ X3),Đọc sách mà cần múa tay à?,You need choreography to read now?,
STR_UGLY_QUIP_CAT_SYSTEM_1,Mở nhóm cài đặt (xoay vòng 2 câu),Mở nhóm Hệ thống,Hệ thống đó. Đụng bậy là toang.,"System stuff. Touch wrong, it's toast.",
STR_UGLY_QUIP_CAT_SYSTEM_2,Mở nhóm cài đặt (xoay vòng 2 câu),Mở nhóm Hệ thống,Vô đây chi? Tính làm kỹ sư à?,What are you doing here? Engineer now?,
STR_UGLY_QUIP_CAT_DEVICE_1,Mở nhóm cài đặt (xoay vòng 2 câu),Mở nhóm Thiết bị,Máy vẫn ngon. Vấn đề là mày.,The device is fine. You're the problem.,
STR_UGLY_QUIP_CAT_DEVICE_2,Mở nhóm cài đặt (xoay vòng 2 câu),Mở nhóm Thiết bị,Ngắm máy hoài. Đọc đi cha.,"Stop admiring the device. Read, dude.",
STR_UGLY_QUIP_CAT_KEYBOARD_1,Mở nhóm cài đặt (xoay vòng 2 câu),Mở nhóm Bàn phím,Gõ phím trên máy đọc. Ngáo à?,Typing on an e-reader? You okay?,
STR_UGLY_QUIP_CAT_KEYBOARD_2,Mở nhóm cài đặt (xoay vòng 2 câu),Mở nhóm Bàn phím,Bàn phím đây. Gõ chậm như rùa nha.,Keyboard. Enjoy typing like a turtle.,
STR_UGLY_QUIP_CAT_OTHER_1,Mở nhóm cài đặt (xoay vòng 2 câu),Mở nhóm Khác,Mục Khác. Toàn thứ mày chẳng xài.,Other. Stuff you'll never use.,
STR_UGLY_QUIP_CAT_OTHER_2,Mở nhóm cài đặt (xoay vòng 2 câu),Mở nhóm Khác,Lạc vô đây hả? Ra đi.,Lost? Get out.,
STR_UGLY_QUIP_BOOK_OPEN_1,"Sách: mở, thoát, ghim, gỡ ghim, xoá",Mở 1 cuốn sách (xoay vòng khi không có câu dữ liệu nào khớp),Mở rồi đó. Đọc được bao lâu đây?,Opened. How long will this last?,
STR_UGLY_QUIP_BOOK_OPEN_2,"Sách: mở, thoát, ghim, gỡ ghim, xoá",như trên,"Đọc đi, đừng ngồi ngắm bìa.",Read. Stop staring at the cover.,
STR_UGLY_QUIP_BOOK_OPEN_3,"Sách: mở, thoát, ghim, gỡ ghim, xoá",như trên,"Ối, mở sách thật à? Ghi sổ phát.","Whoa, an actual book? Noting that.",
STR_UGLY_QUIP_BOOK_OPEN_NEW,"Sách: mở, thoát, ghim, gỡ ghim, xoá","Mở sách, tiến độ 0%",Cuốn mới tinh. Cá là bỏ ở trang 3.,Brand new. Bet you quit on page 3.,
STR_UGLY_QUIP_BOOK_OPEN_LOW,"Sách: mở, thoát, ghim, gỡ ghim, xoá","Mở sách, tiến độ 1 tới 10%",Mới %d%%. Kẹt ở khúc dạo đầu à?,Only %d%%. Stuck in the intro?,%d = % tiến độ cuốn sách
STR_UGLY_QUIP_BOOK_OPEN_MID,"Sách: mở, thoát, ghim, gỡ ghim, xoá","Mở sách, tiến độ 11 tới 89%",%d%% rồi. Ráng đừng bỏ giữa đường.,%d%% in. Try not to bail halfway.,%d = % tiến độ cuốn sách
STR_UGLY_QUIP_BOOK_OPEN_END,"Sách: mở, thoát, ghim, gỡ ghim, xoá","Mở sách, tiến độ 90 tới 99%",Còn %d%% nữa thôi. Đừng có lươn.,Only %d%% left. Don't you dare bail.,%d = 100 trừ % tiến độ
STR_UGLY_QUIP_BOOK_OPEN_DONE,"Sách: mở, thoát, ghim, gỡ ghim, xoá",Mở sách đã đọc xong (100%),Đọc xong rồi còn mở. Nhớ nó à?,"Finished it, still opening it. Miss it?",
STR_UGLY_QUIP_BOOK_OPEN_GAP,"Sách: mở, thoát, ghim, gỡ ghim, xoá",Mở sách bỏ từ 7 ngày trở lên (ưu tiên hơn câu theo %),Bỏ %d ngày mới mò lại. Mặt dày ghê.,"Gone %d days, now you're back. Bold.",%d = số ngày từ lần đọc cuối
STR_UGLY_QUIP_BOOK_OPEN_COUNT,"Sách: mở, thoát, ghim, gỡ ghim, xoá","Mở sách, tổng số lần mở sách của máy là bội của 10",Lần mở sách thứ %d. Xong được mấy cuốn?,Book open number %d. Finished how many?,%d = RecentBooksStore openCount (đếm chung cả máy)
STR_UGLY_QUIP_BOOK_CLOSE_1,"Sách: mở, thoát, ghim, gỡ ghim, xoá",Thoát sách (xoay vòng khi không có câu dữ liệu nào khớp),Đọc được tí đã chuồn.,"Read a bit, then bolted.",
STR_UGLY_QUIP_BOOK_CLOSE_2,"Sách: mở, thoát, ghim, gỡ ghim, xoá",như trên,Thoát lẹ vậy? Sách làm gì mày?,Leaving already? What did the book do?,
STR_UGLY_QUIP_BOOK_CLOSE_3,"Sách: mở, thoát, ghim, gỡ ghim, xoá",như trên,Gập sách. Mai có mở lại không đó?,"Closed. Opening it tomorrow, or nah?",
STR_UGLY_QUIP_BOOK_CLOSE_ZERO,"Sách: mở, thoát, ghim, gỡ ghim, xoá","Thoát sách, lượt đọc dưới 1 phút",Chưa nổi 1 phút. Kỷ lục lười.,Under a minute. A laziness record.,
STR_UGLY_QUIP_BOOK_CLOSE_SHORT,"Sách: mở, thoát, ghim, gỡ ghim, xoá","Thoát sách, lượt đọc 1 tới 4 phút",%d phút. Đọc hay liếc vậy?,%d minutes. Reading or glancing?,%d = phút của lượt đọc vừa rồi
STR_UGLY_QUIP_BOOK_CLOSE_PAGES,"Sách: mở, thoát, ghim, gỡ ghim, xoá","Thoát sách, lượt đọc 5 tới 29 phút",Lật %d trang rồi té. Cũng ráng.,"Turned %d pages and ran. Effort, I guess.",%d = số trang lật trong lượt
STR_UGLY_QUIP_BOOK_CLOSE_LONG,"Sách: mở, thoát, ghim, gỡ ghim, xoá","Thoát sách, lượt đọc từ 30 phút","%d phút liền. Ủa, mày ổn không?",%d minutes straight? You feeling okay?,%d = phút của lượt đọc vừa rồi
STR_UGLY_QUIP_PIN_1,"Sách: mở, thoát, ghim, gỡ ghim, xoá",Ghim 1 cuốn (xoay vòng),"Ghim cho có, rồi cũng bỏ xó.",Pinned. Soon to be ignored.,
STR_UGLY_QUIP_PIN_2,"Sách: mở, thoát, ghim, gỡ ghim, xoá",như trên,Ghim %s. Hứa đọc thật nha?,Pinned %s. Promise you'll read it?,%s = tên sách (cắt ngắn)
STR_UGLY_QUIP_PIN_3,"Sách: mở, thoát, ghim, gỡ ghim, xoá",như trên,Thêm 1 cuốn vào kệ làm màu.,One more for the show-off shelf.,
STR_UGLY_QUIP_UNPIN_1,"Sách: mở, thoát, ghim, gỡ ghim, xoá",Gỡ ghim (xoay vòng),Gỡ ghim. Hết yêu lẹ vậy?,Unpinned. Fell out of love fast.,
STR_UGLY_QUIP_UNPIN_2,"Sách: mở, thoát, ghim, gỡ ghim, xoá",như trên,Đá %s rồi à? Phũ vl.,Dumped %s? Brutal.,%s = tên sách (cắt ngắn)
STR_UGLY_QUIP_UNPIN_3,"Sách: mở, thoát, ghim, gỡ ghim, xoá",như trên,"Gỡ cho đỡ quê, đúng không?","Unpinned to save face, right?",
STR_UGLY_QUIP_DELETE_1,"Sách: mở, thoát, ghim, gỡ ghim, xoá",Xoá 1 cuốn (xoay vòng),Xoá luôn. Chưa đọc mà thôi kệ.,Deleted. Never read it. Whatever.,
STR_UGLY_QUIP_DELETE_2,"Sách: mở, thoát, ghim, gỡ ghim, xoá",như trên,Tiễn %s lên đường. Khỏi khóc.,"Farewell, %s. No tears.",%s = tên sách (cắt ngắn)
STR_UGLY_QUIP_DELETE_3,"Sách: mở, thoát, ghim, gỡ ghim, xoá",như trên,"Xoá cho nhẹ thẻ, nhẹ luôn lương tâm.","Lighter card, lighter conscience.",
STR_UGLY_QUIP_SHELL_UGLY_1,"Đổi giao diện (hàng Giao diện, nhóm Hiển thị)",Chọn tenor/xấu-như-chó (xoay vòng),Chọn đồ xấu. Gu mày đó hả?,You picked ugly. That's your taste?,
STR_UGLY_QUIP_SHELL_UGLY_2,"Đổi giao diện (hàng Giao diện, nhóm Hiển thị)",như trên,Vô rồi thì chịu chửi nha.,You're in. Now take the roasting.,
STR_UGLY_QUIP_SHELL_UGLY_3,"Đổi giao diện (hàng Giao diện, nhóm Hiển thị)",như trên,Gu thẩm mỹ lòi ra hết rồi đó.,Your taste is showing. Badly.,
STR_UGLY_QUIP_SHELL_CROSS_1,"Đổi giao diện (hàng Giao diện, nhóm Hiển thị)","Chọn tenor/cross, hiện TRƯỚC khi rời vỏ ugly (xoay vòng)",Về tenor/cross. Sợ bị chửi à?,Back to tenor/cross. Couldn't take it?,
STR_UGLY_QUIP_SHELL_CROSS_2,"Đổi giao diện (hàng Giao diện, nhóm Hiển thị)",như trên,Chịu không nổi rồi hả? Yếu vãi.,Couldn't handle it? Weak.,
STR_UGLY_QUIP_SHELL_CROSS_3,"Đổi giao diện (hàng Giao diện, nhóm Hiển thị)",như trên,Đi đi. Tao biết mày sẽ quay lại.,Go. I know you'll be back.,
STR_UGLY_QUIP_SLEEPING_1,"Chuẩn bị ngủ, thức dậy",Lúc máy chuẩn bị ngủ (xoay vòng khi không có câu dữ liệu nào khớp),Ngủ hả? Đọc được bao nhiêu mà ngủ?,Sleeping? After reading how much?,
STR_UGLY_QUIP_SLEEPING_2,"Chuẩn bị ngủ, thức dậy",như trên,Tắt máy đi trốn. Biết hết đó.,Shutting down to hide. I see you.,
STR_UGLY_QUIP_SLEEPING_3,"Chuẩn bị ngủ, thức dậy",như trên,Ừ ngủ đi. Lười thì ngủ là chuẩn.,"Sure, sleep. Lazy people love that.",
STR_UGLY_QUIP_SLEEPING_ZERO,"Chuẩn bị ngủ, thức dậy","Chuẩn bị ngủ, hôm nay chưa đọc phút nào",Nay 0 phút. Ngủ cho lành.,Zero minutes today. Sleep it off.,
STR_UGLY_QUIP_SLEEPING_TODAY,"Chuẩn bị ngủ, thức dậy","Chuẩn bị ngủ, hôm nay đọc 1 tới 14 phút",Nay đọc %d phút mà đòi ngủ. Ghê.,Read %d minutes today and done? Wow.,%d = phút đọc hôm nay (solieu::Kho)
STR_UGLY_QUIP_WAKE_1,"Chuẩn bị ngủ, thức dậy",Thức dậy (xoay vòng khi không có câu dữ liệu nào khớp),Dậy rồi hả? Đọc liền đi.,Up? Read. Now.,
STR_UGLY_QUIP_WAKE_2,"Chuẩn bị ngủ, thức dậy",như trên,Ngủ đã đời rồi đó. Làm việc.,Slept plenty. Get to work.,
STR_UGLY_QUIP_WAKE_3,"Chuẩn bị ngủ, thức dậy",như trên,"Ủa, còn nhớ tao à?","Oh, you remember me?",
STR_UGLY_QUIP_WAKE_LONG,"Chuẩn bị ngủ, thức dậy",Thức dậy sau từ 3 ngày không đọc,Bỏ đọc %d ngày. Mọc rễ ở đâu vậy?,Slept %d days. Bears are jealous.,%d = số ngày từ lần đọc cuối tới hôm nay
STR_UGLY_QUIP_UI_SIZE_SMALL,Hiển thị,Cỡ chữ giao diện = Nhỏ,Chữ bé tí. Khoe mắt tốt hả?,Tiny text. Showing off your eyes?,
STR_UGLY_QUIP_UI_SIZE_MEDIUM,Hiển thị,Cỡ chữ giao diện = Vừa,Vừa. Nhạt như nước ốc.,Medium. Bland as hell.,
STR_UGLY_QUIP_UI_SIZE_LARGE,Hiển thị,Cỡ chữ giao diện = Lớn,Chữ to như bảng hiệu. Đứng xa đọc à?,Billboard text. Reading from next door?,
STR_UGLY_QUIP_STATUSBAR_DEFAULT,Hiển thị,Thanh trạng thái = Mặc định,Mặc định. Đúng kiểu ngại thay đổi.,Default. Scared of change?,
STR_UGLY_QUIP_STATUSBAR_OFF,Hiển thị,Thanh trạng thái = TẮT,Tắt luôn. Sống khỏi cần giờ giấc.,No status bar. Living outside of time.,
STR_UGLY_QUIP_STATUSBAR_LARGE,Hiển thị,Thanh trạng thái = Lớn,Thanh to bự. Canh pin kỹ hơn đọc sách.,Big bar. Afraid to forget the battery?,
STR_UGLY_QUIP_ARROWS_ON,Hiển thị,Mũi tên cạnh = BẬT,Cần mũi tên chỉ đường. Lạc hoài à?,Need arrows? Get lost a lot?,
STR_UGLY_QUIP_ARROWS_OFF,Hiển thị,Mũi tên cạnh = TẮT,Tắt mũi tên. Tự tin dữ.,No arrows. Bold of you.,
STR_UGLY_QUIP_BTNLABEL_TEXT,Hiển thị,Nhãn nút = Chữ,Phải có chữ mới biết bấm hả?,Need words to know which button?,
STR_UGLY_QUIP_BTNLABEL_SYMBOL,Hiển thị,Nhãn nút = Ký hiệu,Ký hiệu. Làm như dân chuyên.,Symbols. Acting like a pro.,
STR_UGLY_QUIP_CORNERS_BATT_LEFT,Hiển thị,"Vị trí pin và đồng hồ = Pin trái, giờ phải (cả ở Tùy chỉnh thanh trạng thái)",Pin trái giờ phải. Chả ai quan tâm.,"Battery left, clock right. Nobody cares.",
STR_UGLY_QUIP_CORNERS_CLOCK_LEFT,Hiển thị,"Vị trí pin và đồng hồ = Giờ trái, pin phải",Đổi chỗ pin với giờ. Đời vẫn vậy.,Swapped them. Life's still the same.,
STR_UGLY_QUIP_BATT_HIDE_NEVER,Hiển thị,Ẩn % pin = Không bao giờ,Soi pin từng chút. Lo xa vl.,Watching every percent. Anxious much?,
STR_UGLY_QUIP_BATT_HIDE_READER,Hiển thị,Ẩn % pin = Trong trình đọc,Đọc thì giấu pin. Sợ mất hứng à?,Hide it while reading. Sensitive?,
STR_UGLY_QUIP_BATT_HIDE_ALWAYS,Hiển thị,Ẩn % pin = Luôn luôn,Giấu pin luôn. Hết pin đừng khóc.,Battery hidden. Don't cry when it dies.,
STR_UGLY_QUIP_REFRESH_1,Hiển thị,Tần suất refresh = 1 trang,Trang nào cũng nháy. Mắt chịu nổi hông?,Flash every page. Your eyes okay?,
STR_UGLY_QUIP_REFRESH_5,Hiển thị,Tần suất refresh = 5 trang,5 trang nháy 1 lần. Kỹ tính vãi.,Flash every 5. Fussy much?,
STR_UGLY_QUIP_REFRESH_10,Hiển thị,Tần suất refresh = 10 trang,10 trang mới nháy. Đọc tới nổi không?,Every 10. Fine. Boring.,
STR_UGLY_QUIP_REFRESH_15,Hiển thị,Tần suất refresh = 15 trang,15 trang. Bóng mờ ráng chịu.,Every 15. Enjoy the ghosting.,
STR_UGLY_QUIP_REFRESH_30,Hiển thị,Tần suất refresh = 30 trang,30 trang mới nháy. Mê bóng mờ à?,Every 30. You like the smudges?,
STR_UGLY_QUIP_REFRESH_NEVER,Hiển thị,Tần suất refresh = Không bao giờ,Khỏi làm tươi. Màn dơ như phòng mày.,Never refresh. Screen messy as your room.,
STR_UGLY_QUIP_SUNLIGHT_ON,Hiển thị,Chế độ đọc dưới nắng = BẬT,Đọc ngoài nắng? Đi biển khoe hả?,Reading in the sun? Beach show-off?,
STR_UGLY_QUIP_SUNLIGHT_OFF,Hiển thị,Chế độ đọc dưới nắng = TẮT,Tắt. Mày có ra nắng bao giờ đâu.,Off. Like you ever go outside.,
STR_UGLY_QUIP_NIGHT_ON,Hiển thị,Chế độ ban đêm = BẬT,Nền đen. Tưởng mình hacker à?,Dark mode. Think you're a hacker?,
STR_UGLY_QUIP_NIGHT_OFF,Hiển thị,Chế độ ban đêm = TẮT,Về nền trắng. Hết làm màu rồi hả?,Back to white. Done posing?,
STR_UGLY_QUIP_SLEEPSCR_DARK,Ngủ,Màn hình ngủ = Tối,Đen thui. Hợp tâm hồn mày.,Pitch black. Matches your soul.,
STR_UGLY_QUIP_SLEEPSCR_LIGHT,Ngủ,Màn hình ngủ = Sáng,Trắng trơn. Nhạt y như mày.,Blank white. Bland like you.,
STR_UGLY_QUIP_SLEEPSCR_CUSTOM,Ngủ,Màn hình ngủ = Tùy chỉnh,Ảnh tự chọn. Đừng là ảnh crush nha.,Custom image. Please not your crush.,
STR_UGLY_QUIP_SLEEPSCR_COVER,Ngủ,Màn hình ngủ = Ảnh bìa,Khoe bìa sách chưa đọc xong. Sĩ.,Showing a cover you never finished. Poser.,
STR_UGLY_QUIP_SLEEPSCR_COVER_CUSTOM,Ngủ,Màn hình ngủ = Ảnh bìa + Tùy chỉnh,Bìa với ảnh. Tham vãi.,Cover and custom. Greedy much?,
STR_UGLY_QUIP_SLEEPSCR_NONE,Ngủ,Màn hình ngủ = Không,Trống trơn. Y như số trang mày đọc.,Nothing. Like your page count.,
STR_UGLY_QUIP_SLEEPSCR_QUICK,Ngủ,Màn hình ngủ = Khôi phục nhanh,Bật lên đọc liền? Nói thì hay.,Instant resume? Big talk.,
STR_UGLY_QUIP_SLEEPSCR_TRANSPARENT,Ngủ,Màn hình ngủ = Trong suốt,Ngủ rồi vẫn khoe sách. Diễn sâu ghê.,Transparent. Like your reading promises.,
STR_UGLY_QUIP_SLEEPSCR_TENOR,Ngủ,Màn hình ngủ = tenor/cross,Chọn màn đẹp. Phản bội tao hả?,The pretty one. Traitor.,
STR_UGLY_QUIP_SLEEPSCR_STATS,Ngủ,Màn hình ngủ = Thống kê đọc,Khoe thống kê cho cả nhà cười à?,Showing your stats so everyone laughs?,
STR_UGLY_QUIP_SLEEPSCR_QUOTE,Ngủ,Màn hình ngủ = Sách + trích dẫn,Trích dẫn sâu ghê. Mày đọc tới đó chưa?,Deep quote. Did you even get that far?,
STR_UGLY_QUIP_SLEEPSCR_UGLY,Ngủ,Màn hình ngủ = tenor/xấu,Màn ngủ xấu. Có gu đó bạn hiền.,The ugly one. Finally some taste.,
STR_UGLY_QUIP_COVER_FIT,Ngủ,Kiểu ảnh màn hình ngủ = Vừa khung,Vừa khung. Sợ mất miếng ảnh nào à?,Fit. Safe. Boring.,
STR_UGLY_QUIP_COVER_CROP,Ngủ,Kiểu ảnh màn hình ngủ = Cắt,Cắt luôn. Mất đầu ai kệ.,Crop it. Who needs heads?,
STR_UGLY_QUIP_COVERFILT_NONE,Ngủ,Bộ lọc ảnh màn hình ngủ = Không,Ảnh gốc. Lười chỉnh luôn.,No filter. Too lazy even for that.,
STR_UGLY_QUIP_COVERFILT_CONTRAST,Ngủ,Bộ lọc ảnh màn hình ngủ = Tương phản,Tương phản gắt. Như tính mày.,High contrast. Like your temper.,
STR_UGLY_QUIP_COVERFILT_INVERT,Ngủ,Bộ lọc ảnh màn hình ngủ = Đảo màu,Đảo màu. Nhìn như phim ma.,Inverted. Horror movie vibes.,
STR_UGLY_QUIP_QUICKSKIP_OFF,Ngủ,Bỏ qua ảnh màn ngủ khi bật nhanh = TẮT,Vẫn ngồi coi ảnh ngủ. Kiên nhẫn ghê.,Still sitting through it. So patient.,
STR_UGLY_QUIP_QUICKSKIP_ON,Ngủ,Bỏ qua ảnh màn ngủ khi bật nhanh = BẬT,Bỏ qua cho lẹ. Nóng tính vl.,Skip it. So impatient.,
STR_UGLY_QUIP_WAKEBOOK_ON,Ngủ,Thức dậy là vào sách = BẬT,Mở máy là vô sách. Ép mình ghê.,Wake into the book. Forcing yourself?,
STR_UGLY_QUIP_WAKEBOOK_OFF,Ngủ,Thức dậy là vào sách = TẮT,Dậy ra màn chính. Trốn sách tiếp à?,Wake to home. Dodging the book again?,
STR_UGLY_QUIP_WAKENOTICE_ON,Ngủ,Báo khi thức dậy = BẬT (chỉ X3),Cần báo mới biết máy dậy hả?,Need a notice to know it's awake?,
STR_UGLY_QUIP_WAKENOTICE_OFF,Ngủ,Báo khi thức dậy = TẮT (chỉ X3),"Tắt báo. Tự biết, giỏi ghê.","No notice. Look at you, so smart.",
STR_UGLY_QUIP_SLEEPBW_ON,Ngủ,Làm mới đen trắng trước khi ngủ = BẬT (chỉ X3),Nháy 1 phát rồi ngủ. Kỹ ghê.,One flash before bed. Fancy.,
STR_UGLY_QUIP_SLEEPBW_OFF,Ngủ,Làm mới đen trắng trước khi ngủ = TẮT (chỉ X3),Ngủ luôn khỏi dọn. Y như mày.,Sleeps without cleaning up. Like you.,
STR_UGLY_QUIP_TIMEOUT_FAST,Ngủ,Thời gian chờ ngủ = 1 tới 2 phút,%d phút đã ngủ. Máy còn lười hơn mày.,Sleeps after %d min. Lazier than you.,%d = số phút đang chọn
STR_UGLY_QUIP_TIMEOUT_MID,Ngủ,Thời gian chờ ngủ = 3 tới 10 phút,%d phút. Đủ để mày lướt điện thoại.,%d minutes. Enough to grab your phone.,%d = số phút đang chọn
STR_UGLY_QUIP_TIMEOUT_LONG,Ngủ,Thời gian chờ ngủ = 11 tới 30 phút,%d phút mới ngủ. Hao pin vãi.,%d minutes. The battery is crying.,%d = số phút đang chọn
STR_UGLY_QUIP_TIMEOUT_NEVER,Ngủ,Thời gian chờ ngủ = 31 (không bao giờ),Không bao giờ ngủ. Pin chết ráng chịu.,Never sleeps. Dead battery's on you.,
STR_UGLY_QUIP_LIGHTWAKE_ON,Ngủ,Bật lại đèn khi máy thức = BẬT (chỉ X4 Pro),Dậy là sáng đèn. Sợ tối à?,Light on wake. Scared of the dark?,
STR_UGLY_QUIP_LIGHTWAKE_OFF,Ngủ,Bật lại đèn khi máy thức = TẮT (chỉ X4 Pro),Dậy trong tối. Thích mò mẫm hả?,Wake in the dark. Like fumbling around?,
STR_UGLY_QUIP_GO_TEXT_SETTINGS,Trình đọc,Mở Cài đặt văn bản,Lại chỉnh chữ. Chữ có tội gì?,Messing with text again. What did it do?,
STR_UGLY_QUIP_GO_MANAGE_FONTS,Trình đọc,Mở Quản lý phông chữ,"Gom phông như gom sách, rồi để đó.",Hoarding fonts like books. Unused.,
STR_UGLY_QUIP_GO_STATUS_BAR,Trình đọc,Mở Tùy chỉnh thanh trạng thái,Chỉnh thanh trạng thái. Rảnh quá ha.,Customizing the status bar. Bored much?,
STR_UGLY_QUIP_ORIENT_PORTRAIT,Trình đọc,Hướng đọc = Dọc,Để dọc. Thế cũng phải vào chỉnh?,Portrait. Normal. Boring.,
STR_UGLY_QUIP_ORIENT_CW,Trình đọc,Hướng đọc = Ngang (thuận),Đọc ngang. Tưởng coi phim à?,Landscape. Think it's a movie?,
STR_UGLY_QUIP_ORIENT_180,Trình đọc,Hướng đọc = Dọc 180,Lộn ngược. Đọc kiểu gì vậy trời?,Upside down. How do you even read?,
STR_UGLY_QUIP_ORIENT_CCW,Trình đọc,Hướng đọc = Ngang (ngược),Ngang ngược. Đúng tính mày.,Sideways and backwards. Very you.,
STR_UGLY_QUIP_IMAGES_SHOW,Trình đọc,Hình ảnh = Hiển thị,Hiện hình. Đọc sách hay coi tranh?,Images on. Reading or picture book?,
STR_UGLY_QUIP_IMAGES_BOX,Trình đọc,Hình ảnh = Khung thay thế,Thay hình bằng khung. Tiết kiệm ghê.,Boxes for images. So frugal.,
STR_UGLY_QUIP_IMAGES_HIDE,Trình đọc,Hình ảnh = Ẩn đi,"Ẩn hình. Chữ thôi, làm như trí thức.",No images. Words only. Intellectual now?,
STR_UGLY_QUIP_RSTATUS_OFF,Trình đọc,Thanh trạng thái khi đọc = TẮT,Tắt hết. Đọc quên trời đất hả?,All off. Lost in the book? Sure.,
STR_UGLY_QUIP_RSTATUS_CLOCK_BATT,Trình đọc,Thanh trạng thái khi đọc = Đồng hồ & pin,Giờ với pin. Đọc mà canh giờ à?,Clock and battery. Clock-watching?,
STR_UGLY_QUIP_RSTATUS_FULL,Trình đọc,Thanh trạng thái khi đọc = Mặc định đủ,Hiện đủ thứ. Rối vl.,Everything on. Cluttered as hell.,
STR_UGLY_QUIP_RSTATUS_CH_PROGRESS,Trình đọc,Thanh trạng thái khi đọc = Tên chương & tiến trình chương,Đếm trang chương. Mong hết chương lắm hả?,Chapter progress. Can't wait for it to end?,
STR_UGLY_QUIP_RSTATUS_CH_CLOCK,Trình đọc,Thanh trạng thái khi đọc = Tên chương & đồng hồ,Tên chương với giờ. Đọc hay chấm công?,Chapter and clock. Reading or clocking in?,
STR_UGLY_QUIP_RSTATUS_CH_BATT,Trình đọc,Thanh trạng thái khi đọc = Tên chương & pin,Tên chương với pin. Lo pin hơn lo truyện.,Chapter and battery. Battery over plot.,
STR_UGLY_QUIP_SIDEBTN_PREV_NEXT,Trình đọc,Nút cạnh lật trang = Trước/Sau,"Trước/Sau. Chuẩn bài, khỏi vọc nữa.",Prev/Next. Textbook.,
STR_UGLY_QUIP_SIDEBTN_NEXT_PREV,Trình đọc,Nút cạnh lật trang = Sau/Trước,Đảo nút. Thích làm khác người à?,"Swapped. Gotta be different, huh?",
STR_UGLY_QUIP_SIDEBTN_OFF,Trình đọc,Nút cạnh lật trang = Tắt,Tắt nút cạnh. Có nút cũng lười bấm.,Side buttons off. Too lazy to press anyway.,
STR_UGLY_QUIP_SIDEBTN_NEXT_NEXT,Trình đọc,Nút cạnh lật trang = Sau/Sau,"2 nút đều tới. Chỉ biết tiến, ghê.","Both forward. No looking back, huh?",
STR_UGLY_QUIP_SIDEBTN_PREV_PREV,Trình đọc,Nút cạnh lật trang = Trước/Trước,2 nút đều lùi. Đọc ngược về tuổi thơ à?,Both back. Reading back to childhood?,
STR_UGLY_QUIP_MENUSTYLE_LIST,Trình đọc,Kiểu menu đọc = Danh sách,Danh sách. Cần chỉ tận dòng hả?,List. Classic. Bland.,
STR_UGLY_QUIP_MENUSTYLE_TOOLBAR,Trình đọc,Kiểu menu đọc = Thanh công cụ,Thanh công cụ. Làm như dân văn phòng.,Toolbar. Very office worker.,
STR_UGLY_QUIP_DICT_NONE,Trình đọc,Từ điển = Không (chỉ hiện khi thẻ có thư mục /dictionaries),Khỏi từ điển. Tự tin quá ha.,"No dictionary. Confident, huh?",
STR_UGLY_QUIP_DICT_SET,Trình đọc,Từ điển = 1 từ điển trên thẻ,Có %s rồi. Hết cớ bỏ ngang.,Got %s now. No excuses left.,%s = tên thư mục từ điển
STR_UGLY_QUIP_FONT_SERIF,Cài đặt văn bản (trong Trình đọc),Font chữ = Noto Serif,Serif. Làm như đọc văn học.,Serif. Acting literary.,
STR_UGLY_QUIP_FONT_SANS,Cài đặt văn bản (trong Trình đọc),Font chữ = Noto Sans,Sans. Đọc sách như đọc tin nhắn.,Sans. Reading a book like a text.,
STR_UGLY_QUIP_FONT_SD,Cài đặt văn bản (trong Trình đọc),Font chữ = phông chép trên thẻ,"Phông %s. Tự chép vào, sĩ ghê.",%s. Installed it yourself? Fancy.,%s = tên họ phông
STR_UGLY_QUIP_FSIZE_TINY_1,Cài đặt văn bản (trong Trình đọc),Cỡ chữ trình đọc = 8 tới 10 pt (chỉ phông vector),Chữ bé như kiến. Khoe mắt tốt hả?,Ant-sized. Showing off your eyes?,
STR_UGLY_QUIP_FSIZE_TINY_2,Cài đặt văn bản (trong Trình đọc),"như trên, câu thứ 2",%d pt. Kính lúp đâu?,%d pt. Where's your magnifier?,%d = cỡ chữ pt
STR_UGLY_QUIP_FSIZE_SMALL_1,Cài đặt văn bản (trong Trình đọc),Cỡ chữ trình đọc = 11 tới 13 pt (phông có sẵn: 12),Chữ nhỏ. Nhồi cho nhiều để khỏi lật à?,Small. Cramming it to turn fewer pages?,
STR_UGLY_QUIP_FSIZE_SMALL_2,Cài đặt văn bản (trong Trình đọc),"như trên, câu thứ 2",%d pt. Đọc hay soi vi trùng?,%d pt. Reading or doing microscopy?,%d = cỡ chữ pt
STR_UGLY_QUIP_FSIZE_MID_1,Cài đặt văn bản (trong Trình đọc),"Cỡ chữ trình đọc = 14 tới 16 pt (phông có sẵn: 14, 16)",Cỡ vừa. Nhạt như nước ốc.,Medium. Bland as hell.,
STR_UGLY_QUIP_FSIZE_MID_2,Cài đặt văn bản (trong Trình đọc),"như trên, câu thứ 2",%d pt. Ai cũng chọn vậy. Chán.,%d pt. Everyone picks this. Yawn.,%d = cỡ chữ pt
STR_UGLY_QUIP_FSIZE_BIG_1,Cài đặt văn bản (trong Trình đọc),Cỡ chữ trình đọc = 17 tới 19 pt (phông có sẵn: 18),Hơi to rồi đó. Lật trang mỏi tay nha.,Getting big. Enjoy all that page turning.,
STR_UGLY_QUIP_FSIZE_BIG_2,Cài đặt văn bản (trong Trình đọc),"như trên, câu thứ 2",%d pt. Kính để đâu rồi?,%d pt. Lost your glasses?,%d = cỡ chữ pt
STR_UGLY_QUIP_FSIZE_HUGE_1,Cài đặt văn bản (trong Trình đọc),Cỡ chữ trình đọc = 20 tới 22 pt (chỉ phông vector),"To vãi, mắt mày lòi à?",Huge. Eyes popping out much?,
STR_UGLY_QUIP_FSIZE_HUGE_2,Cài đặt văn bản (trong Trình đọc),"như trên, câu thứ 2",%d pt. Sách hay bảng hiệu?,%d pt. A book or a billboard?,%d = cỡ chữ pt
STR_UGLY_QUIP_LINESP_DEFAULT,Cài đặt văn bản (trong Trình đọc),Giãn dòng = Mặc định,Mặc định. Lười chọn chứ gì.,"Default. Too lazy to pick, right?",
STR_UGLY_QUIP_LINESP_XNARROW,Cài đặt văn bản (trong Trình đọc),Giãn dòng = Siêu hẹp,Dòng dính chùm. Đọc nghẹt thở vl.,Lines crammed. Can't breathe.,
STR_UGLY_QUIP_LINESP_NARROW,Cài đặt văn bản (trong Trình đọc),Giãn dòng = Hẹp,Hẹp. Ham nhồi chữ ghê.,Tight. Greedy for words.,
STR_UGLY_QUIP_LINESP_WIDE,Cài đặt văn bản (trong Trình đọc),Giãn dòng = Rộng,Dòng thưa. Lật trang cho đã tay.,Airy lines. Lots of page turning.,
STR_UGLY_QUIP_LINESP_XWIDE,Cài đặt văn bản (trong Trình đọc),Giãn dòng = Siêu rộng,Siêu thưa. 1 trang được 3 dòng.,Ultra wide. 3 lines a page.,
STR_UGLY_QUIP_LETTERSP_DEFAULT,Cài đặt văn bản (trong Trình đọc),Giãn chữ = Mặc định,Mặc định. Vào đây bấm chơi à?,Default. Letters are letters.,
STR_UGLY_QUIP_LETTERSP_XNARROW,Cài đặt văn bản (trong Trình đọc),Giãn chữ = Siêu hẹp,Chữ dính nhau. Đọc như mật mã.,Letters glued. Reads like a code.,
STR_UGLY_QUIP_LETTERSP_NARROW,Cài đặt văn bản (trong Trình đọc),Giãn chữ = Hẹp,Chữ sát rạt. Tiết kiệm từng li.,Tight letters. Saving every pixel.,
STR_UGLY_QUIP_LETTERSP_WIDE,Cài đặt văn bản (trong Trình đọc),Giãn chữ = Rộng,Giãn chữ. Đọc chậm cho sang à?,Spaced out. Reading slow for class?,
STR_UGLY_QUIP_LETTERSP_XWIDE,Cài đặt văn bản (trong Trình đọc),Giãn chữ = Siêu rộng,C h ữ   r ờ i   r ạ c. Vui chưa?,L o o k   a t   t h i s. Happy?,
STR_UGLY_QUIP_WORDSP_DEFAULT,Cài đặt văn bản (trong Trình đọc),Khoảng cách từ = Mặc định,Mặc định. Có gì đâu mà chỉnh.,Default. Nothing to see here.,
STR_UGLY_QUIP_WORDSP_XNARROW,Cài đặt văn bản (trong Trình đọc),Khoảng cách từ = Siêu hẹp,Từnàocũngdínhnhau. Đọcđi.,Wordsallsmushed. Enjoy.,
STR_UGLY_QUIP_WORDSP_NARROW,Cài đặt văn bản (trong Trình đọc),Khoảng cách từ = Hẹp,Từ sát rạt. Gấp gáp gì vậy?,Words tight. In a hurry?,
STR_UGLY_QUIP_WORDSP_WIDE,Cài đặt văn bản (trong Trình đọc),Khoảng cách từ = Rộng,Từ cách xa. Như mày với sách.,Words far apart. Like you and books.,
STR_UGLY_QUIP_WORDSP_XWIDE,Cài đặt văn bản (trong Trình đọc),Khoảng cách từ = Siêu rộng,Từ    cách    xa    vãi.,Words    way    too    far.,
STR_UGLY_QUIP_PARASP_DEFAULT,Cài đặt văn bản (trong Trình đọc),Giãn cách đoạn = Mặc định,Mặc định. Vọc nãy giờ cho vui à?,Default. Paragraphs being paragraphs.,
STR_UGLY_QUIP_PARASP_XNARROW,Cài đặt văn bản (trong Trình đọc),Giãn cách đoạn = Siêu hẹp,Đoạn dính đoạn. Chữ đặc vl.,No gaps. A wall of text.,
STR_UGLY_QUIP_PARASP_NARROW,Cài đặt văn bản (trong Trình đọc),Giãn cách đoạn = Hẹp,Hẹp. Tiết kiệm giấy ảo à?,Tight. Saving virtual paper?,
STR_UGLY_QUIP_PARASP_WIDE,Cài đặt văn bản (trong Trình đọc),Giãn cách đoạn = Rộng,Đoạn thưa thế. Cho chữ thở à?,Roomy. You can breathe.,
STR_UGLY_QUIP_PARASP_XWIDE,Cài đặt văn bản (trong Trình đọc),Giãn cách đoạn = Siêu rộng,Đoạn xa nhau như người yêu cũ.,Paragraphs distant as an ex.,
STR_UGLY_QUIP_ALIGN_JUSTIFY,Cài đặt văn bản (trong Trình đọc),Căn chỉnh đoạn = Đều hai bên,Đều 2 bên. Gọn hơn phòng mày.,Justified. Neater than your room.,
STR_UGLY_QUIP_ALIGN_LEFT,Cài đặt văn bản (trong Trình đọc),Căn chỉnh đoạn = Trái,Căn trái. Mép phải lởm chởm kệ.,"Left. Ragged right, who cares.",
STR_UGLY_QUIP_ALIGN_CENTER,Cài đặt văn bản (trong Trình đọc),Căn chỉnh đoạn = Giữa,Căn giữa cả cuốn? Làm thơ à?,Centered? Writing poetry now?,
STR_UGLY_QUIP_ALIGN_RIGHT,Cài đặt văn bản (trong Trình đọc),Căn chỉnh đoạn = Phải,Căn phải. Tính đọc ngược hả?,Right-aligned. Reading backwards?,
STR_UGLY_QUIP_ALIGN_BOOK,Cài đặt văn bản (trong Trình đọc),Căn chỉnh đoạn = Kiểu của sách,Theo sách. Cuối cùng cũng chịu nghe lời.,Book's style. Finally listening.,
STR_UGLY_QUIP_MARGIN_THIN,Cài đặt văn bản (trong Trình đọc),Lề = 5 tới 10,Lề %d. Chữ tràn ra mép luôn.,Margin %d. Text hugging the edge.,%d = lề đang chọn
STR_UGLY_QUIP_MARGIN_MID,Cài đặt văn bản (trong Trình đọc),Lề = 15 tới 25,"Lề %d. Vừa phải, nhạt.",Margin %d. Fine. Boring.,%d = lề đang chọn
STR_UGLY_QUIP_MARGIN_WIDE,Cài đặt văn bản (trong Trình đọc),Lề = 30 tới 40,Lề %d. Trang toàn khoảng trắng vãi.,Margin %d. All white space.,%d = lề đang chọn
STR_UGLY_QUIP_INDENT_OFF,Cài đặt văn bản (trong Trình đọc),Thụt đầu dòng = TẮT,Khỏi thụt. Đoạn nào cũng sát vách.,No indent. Paragraphs flush and sad.,
STR_UGLY_QUIP_INDENT_DEFAULT,Cài đặt văn bản (trong Trình đọc),Thụt đầu dòng = Mặc định,Thụt vừa. Chuẩn mực ghê.,Default indent. So proper.,
STR_UGLY_QUIP_INDENT_WIDE,Cài đặt văn bản (trong Trình đọc),Thụt đầu dòng = Rộng,Thụt sâu vl. Đoạn nào cũng lùi 1 bước.,Deep indent. Every paragraph steps back.,
STR_UGLY_QUIP_EMBED_ON,Cài đặt văn bản (trong Trình đọc),Định dạng gốc của sách = BẬT,Theo sách gốc. Xấu cũng ráng chịu.,Book's own styling. Ugly? Deal with it.,
STR_UGLY_QUIP_EMBED_OFF,Cài đặt văn bản (trong Trình đọc),Định dạng gốc của sách = TẮT,Bỏ định dạng gốc. Chê sách à?,Ignoring the book's style. Snob.,
STR_UGLY_QUIP_DROPCAP_OFF,Cài đặt văn bản (trong Trình đọc),Chữ lớn đầu chương = TẮT,Bỏ chữ to đầu chương. Hết làm màu rồi hả?,No drop cap. Every chapter the same.,
STR_UGLY_QUIP_DROPCAP_DEFAULT,Cài đặt văn bản (trong Trình đọc),Chữ lớn đầu chương = Mặc định,Chữ đầu to. Làm như sách cổ.,Drop cap. Fancy old-book vibes.,
STR_UGLY_QUIP_DROPCAP_LARGE,Cài đặt văn bản (trong Trình đọc),Chữ lớn đầu chương = Lớn,Chữ đầu bự chà bá. Khoe à?,Massive drop cap. Showing off?,
STR_UGLY_QUIP_HYPHEN_ON,Cài đặt văn bản (trong Trình đọc),Ngắt từ bằng gạch nối = BẬT,Ngắt từ. Đọc vấp chút cho vui.,Hyphenation on. Trip over words for fun.,
STR_UGLY_QUIP_HYPHEN_OFF,Cài đặt văn bản (trong Trình đọc),Ngắt từ bằng gạch nối = TẮT,Tắt ngắt từ. Dòng lỗ chỗ ráng chịu.,Off. Enjoy the gappy lines.,
STR_UGLY_QUIP_INK_0,Cài đặt văn bản (trong Trình đọc),Độ đậm = 0,Mực nhạt. Tiết kiệm mực ảo à?,Light ink. Saving virtual ink?,
STR_UGLY_QUIP_INK_1,Cài đặt văn bản (trong Trình đọc),Độ đậm = +1,+1. Đậm lên chút cho có.,+1. A little bolder. Sure.,
STR_UGLY_QUIP_INK_2,Cài đặt văn bản (trong Trình đọc),Độ đậm = +2,+2. Chữ bắt đầu mập rồi đó.,+2. The letters are getting chunky.,
STR_UGLY_QUIP_INK_3,Cài đặt văn bản (trong Trình đọc),Độ đậm = +3,"+3. Đậm vãi, như chữ khắc bia.",+3. Bold as hell. Tombstone font.,
STR_UGLY_QUIP_AA_ON,Cài đặt văn bản (trong Trình đọc),Khử răng cưa chữ = BẬT,Mượt. Mắt mày được chiều quá.,Smooth. Your eyes are spoiled.,
STR_UGLY_QUIP_AA_OFF,Cài đặt văn bản (trong Trình đọc),Khử răng cưa chữ = TẮT,Răng cưa lởm chởm. Hoài cổ à?,Jagged edges. Feeling retro?,
STR_UGLY_QUIP_SB_CHAPTER_SHOW,Tùy chỉnh thanh trạng thái (trong Trình đọc),Tên chương = Hiện,Hiện tên chương. Quên đang đọc gì à?,Chapter name on. Forgot what you're reading?,
STR_UGLY_QUIP_SB_CHAPTER_HIDE,Tùy chỉnh thanh trạng thái (trong Trình đọc),Tên chương = Ẩn,Ẩn tên chương. Đọc gì cũng được ha.,Chapter name off. Whatever it is.,
STR_UGLY_QUIP_SB_PAGES_SHOW,Tùy chỉnh thanh trạng thái (trong Trình đọc),Số trang trong chương = Hiện,Đếm trang chờ hết chương. Lộ rồi nha.,Counting pages to the end. Obvious.,
STR_UGLY_QUIP_SB_PAGES_HIDE,Tùy chỉnh thanh trạng thái (trong Trình đọc),Số trang trong chương = Ẩn,Ẩn số trang. Không dám nhìn à?,Hidden. Can't face the number?,
STR_UGLY_QUIP_SB_PERCENT_SHOW,Tùy chỉnh thanh trạng thái (trong Trình đọc),Phần trăm tiến độ sách = Hiện,Hiện phần trăm. Nhìn mà nhục.,Showing percent. Embarrassing.,
STR_UGLY_QUIP_SB_PERCENT_HIDE,Tùy chỉnh thanh trạng thái (trong Trình đọc),Phần trăm tiến độ sách = Ẩn,Giấu phần trăm. Biết xấu hổ rồi đó.,Hiding the percent. Finally some shame.,
STR_UGLY_QUIP_GO_REMAP,Điều khiển,Mở Gán lại nút mặt trước (máy không cảm ứng),Gán lại nút. Rồi quên nút nào ra nút nào.,Remapping. Then forgetting it all.,
STR_UGLY_QUIP_GO_HOME_BTN,Điều khiển,Mở Cử chỉ nút Home (máy có phím Home),Nút Home 3 kiểu bấm. Nhớ nổi không?,3 ways to press Home. Can you remember?,
STR_UGLY_QUIP_TOUCH_ON,Điều khiển,Điều khiển đọc bằng cảm ứng = BẬT,Bật cảm ứng. Quẹt như quẹt điện thoại.,Touch on. Swiping like it's your phone.,
STR_UGLY_QUIP_TOUCH_OFF,Điều khiển,Điều khiển đọc bằng cảm ứng = TẮT,Tắt cảm ứng. Sợ chạm nhầm hả?,Touch off. Scared of misclicks?,
STR_UGLY_QUIP_NEXTG_BOTH,Điều khiển,Trang sau = Chạm & Vuốt,"Chạm cũng lật, vuốt cũng lật. Tham.",Tap or swipe. Greedy.,
STR_UGLY_QUIP_NEXTG_TAP,Điều khiển,Trang sau = Chỉ chạm,Chỉ chạm. Lười vuốt luôn.,Tap only. Too lazy to swipe.,
STR_UGLY_QUIP_NEXTG_SWIPE,Điều khiển,Trang sau = Chỉ vuốt,Chỉ vuốt. Điệu ghê.,Swipe only. So dramatic.,
STR_UGLY_QUIP_NEXTG_INVERT,Điều khiển,Trang sau = Chạm đảo ngược,Chạm ngược. Thích tự làm khó mình.,Inverted tap. You love suffering.,
STR_UGLY_QUIP_NEXTG_OFF,Điều khiển,Trang sau = Tắt,Tắt cảm ứng lật tới. Hành nút tiếp đi.,Next page off. One page forever?,
STR_UGLY_QUIP_PREVG_BOTH,Điều khiển,Trang trước = Chạm & Vuốt,Lùi bằng mọi cách. Đọc sót hoài à?,Go back any way. Missing stuff a lot?,
STR_UGLY_QUIP_PREVG_TAP,Điều khiển,Trang trước = Chỉ chạm,Chạm để lùi. Mới đọc đã quên hả?,Tap to go back. Forgot already?,
STR_UGLY_QUIP_PREVG_SWIPE,Điều khiển,Trang trước = Chỉ vuốt,Vuốt để lùi. Như lướt lại tin nhắn cũ.,Swipe back. Like rereading old texts.,
STR_UGLY_QUIP_PREVG_INVERT,Điều khiển,Trang trước = Chạm đảo ngược,Lùi kiểu ngược. Rối não vl.,Inverted back. Brain melting.,
STR_UGLY_QUIP_PREVG_OFF,Điều khiển,Trang trước = Tắt,Muốn lùi thì bấm nút. Tự làm khó ha.,"No going back. No regrets, huh?",
STR_UGLY_QUIP_RMENU_OFF,Điều khiển,Cách mở menu đọc = TẮT (máy có phím Home),Tắt chạm mở menu. Về bấm nút đi.,"Menu off. Done tweaking, huh?",
STR_UGLY_QUIP_RMENU_TAP,Điều khiển,Cách mở menu đọc = Chạm,Chạm là mở menu. Coi chừng chạm nhầm.,Tap for menu. Watch the misclicks.,
STR_UGLY_QUIP_RMENU_SWIPE,Điều khiển,Cách mở menu đọc = Vuốt lên,Vuốt lên mở menu. Như điện thoại ha.,Swipe up for menu. Very phone.,
STR_UGLY_QUIP_ORIENTBTN_ON,Điều khiển,Xoay nút trước theo hướng màn = BẬT,Nút xoay theo màn. Khôn hơn mày.,Buttons follow the screen. Smarter than you.,
STR_UGLY_QUIP_ORIENTBTN_OFF,Điều khiển,Xoay nút trước theo hướng màn = TẮT,Nút đứng yên. Xoay máy rồi bấm loạn nha.,Buttons stay put. Enjoy the confusion.,
STR_UGLY_QUIP_HOLDTURN_OFF,Điều khiển,Giữ nút lật trang khi đọc = TẮT,Giữ nút là đứng im. Y như mày.,Holding does nothing. Just like you.,
STR_UGLY_QUIP_HOLDTURN_SKIP,Điều khiển,Giữ nút lật trang khi đọc = Nhảy chương,Giữ là nhảy chương. Đọc lướt à?,"Hold to skip chapters. Skimming, huh?",
STR_UGLY_QUIP_HOLDTURN_ROTATE,Điều khiển,Giữ nút lật trang khi đọc = Đổi hướng,Giữ là xoay màn. Chóng mặt chưa?,Hold to rotate. Dizzy yet?,
STR_UGLY_QUIP_HOLDMENU_KOSYNC,Điều khiển,Giữ nút chọn khi đọc = KOSync (máy không có phím Home),Giữ để đồng bộ. Đồng bộ chút xíu tiến độ à?,Hold to sync. Syncing your tiny progress?,
STR_UGLY_QUIP_HOLDMENU_OFF,Điều khiển,Giữ nút chọn khi đọc = Tắt,Giữ chả ra gì. Phí 1 nút.,Hold does nothing. Wasted button.,
STR_UGLY_QUIP_HOLDMENU_BOOKMARK,Điều khiển,Giữ nút chọn khi đọc = Dấu trang,Giữ để đánh dấu. Đánh dấu rồi bỏ đó.,Hold to bookmark. Then abandon.,
STR_UGLY_QUIP_HOLDMENU_DICT,Điều khiển,Giữ nút chọn khi đọc = Từ điển,Giữ tra từ. Cuối cùng cũng chịu học.,Hold for dictionary. Finally learning.,
STR_UGLY_QUIP_HOLDMENU_MENU,Điều khiển,Giữ nút chọn khi đọc = Menu đọc sách,Giữ mở menu. Lại vọc.,Hold for menu. Tweaking again.,
STR_UGLY_QUIP_HOLDMENU_TRANSFER,Điều khiển,Giữ nút chọn khi đọc = Gửi file,Giữ để gửi file. Đang đọc mà đòi gửi.,Hold for file transfer. Mid-book? Really?,
STR_UGLY_QUIP_HOLDMENU_TILT,Điều khiển,Giữ nút chọn khi đọc = Lật trang khi nghiêng (chỉ X3),Giữ bật nghiêng. Lười tới mức đó luôn.,"Hold for tilt. That lazy, huh?",
STR_UGLY_QUIP_HOLDMENU_QUOTE,Điều khiển,Giữ nút chọn khi đọc = Lưu trích dẫn,Giữ lưu trích dẫn. Sắp đăng story à?,Hold to save quotes. Posting deep stuff?,
STR_UGLY_QUIP_DBLPWR_ON,Điều khiển,Nhấp đúp nút nguồn để bật đèn = BẬT (chỉ X4 Pro),Bấm đúp là sáng. Đọc trùm chăn à?,Double-click for light. Under the blanket?,
STR_UGLY_QUIP_DBLPWR_OFF,Điều khiển,Nhấp đúp nút nguồn để bật đèn = TẮT (chỉ X4 Pro),Tắt. Mò công tắc trong tối đi.,Off. Fumble for it in the dark.,
STR_UGLY_QUIP_PWR_IGNORE,Điều khiển,Nhấn nhanh nút nguồn = Bỏ qua,Bấm nguồn chả có gì. Nút làm cảnh.,Power press does nothing. Decor.,
STR_UGLY_QUIP_PWR_SLEEP,Điều khiển,Nhấn nhanh nút nguồn = Ngủ,Bấm là ngủ. Đúng sở trường.,Tap to sleep. Your specialty.,
STR_UGLY_QUIP_PWR_PAGE,Điều khiển,Nhấn nhanh nút nguồn = Lật trang,Nút nguồn để lật trang. Lạ đời ghê.,Power button turns pages. Weird flex.,
STR_UGLY_QUIP_PWR_REFRESH,Điều khiển,Nhấn nhanh nút nguồn = Làm tươi màn hình,Bấm là làm tươi. Ám ảnh sạch sẽ à?,Tap to refresh. Clean freak?,
STR_UGLY_QUIP_PWR_FOOTNOTES,Điều khiển,Nhấn nhanh nút nguồn = Chú thích,Nút nguồn mở chú thích. Mọt sách ghê.,Power for footnotes. Total nerd.,
STR_UGLY_QUIP_PWR_SELECT,Điều khiển,Nhấn nhanh nút nguồn = Chọn,Nút nguồn thành nút chọn. Thiếu nút à?,Power as Select. Ran out of buttons?,
STR_UGLY_QUIP_PWR_BACK,Điều khiển,Nhấn nhanh nút nguồn = Trở về,Nút nguồn để lùi. Quen trốn rồi.,Power to go back. Always running away.,
STR_UGLY_QUIP_PWR_MENU,Điều khiển,Nhấn nhanh nút nguồn = Menu đọc sách,Nút nguồn mở menu. Ghiền vọc vãi.,Power opens the menu. Tweak addict.,
STR_UGLY_QUIP_PWR_QUOTE,Điều khiển,Nhấn nhanh nút nguồn = Lưu trích dẫn,Nút nguồn lưu trích dẫn. Câu nào cũng thấm hả?,Power saves quotes. Every line hits deep?,
STR_UGLY_QUIP_FNBACK_ON,Điều khiển,Quay lại nhanh từ chú thích = BẬT (khi nguồn = Chú thích),Coi chú thích xong chuồn lẹ. Khôn.,Quick escape from footnotes. Smart.,
STR_UGLY_QUIP_FNBACK_OFF,Điều khiển,Quay lại nhanh từ chú thích = TẮT,Tự mò đường về. Chịu khó ghê.,Find your own way back. Have fun.,
STR_UGLY_QUIP_BACKFILES_ON,Điều khiển,Nhấn : Mở thư mục = BẬT (máy không cảm ứng),Nhấn là ra thư mục. Bỏ sách lẹ vl.,Tap to file browser. Quick to ditch books.,
STR_UGLY_QUIP_BACKFILES_OFF,Điều khiển,Nhấn : Mở thư mục = TẮT,Tắt. Ít ra chuồn chậm hơn.,Off. At least you'll quit slower.,
STR_UGLY_QUIP_HOMEBTN_HOME,"Cử chỉ nút Home (dùng chung cho 3 dòng Chạm, Chạm đúp, Nhấn giữ)",Hành động = Màn hình chính,Home là về Home. Sáng tạo dữ.,Home goes home. Groundbreaking.,
STR_UGLY_QUIP_HOMEBTN_IGNORE,"Cử chỉ nút Home (dùng chung cho 3 dòng Chạm, Chạm đúp, Nhấn giữ)",Hành động = Bỏ qua,Nút Home làm cảnh. Phí của.,Home does nothing. What a waste.,
STR_UGLY_QUIP_HOMEBTN_PAGE,"Cử chỉ nút Home (dùng chung cho 3 dòng Chạm, Chạm đúp, Nhấn giữ)",Hành động = Lật trang,Nút Home lật trang. Lộn xộn vãi.,Home turns pages. Chaos.,
STR_UGLY_QUIP_HOMEBTN_REFRESH,"Cử chỉ nút Home (dùng chung cho 3 dòng Chạm, Chạm đúp, Nhấn giữ)",Hành động = Làm tươi màn hình,Home để làm tươi. Sạch sẽ quá ha.,Home refreshes. Neat freak.,
STR_UGLY_QUIP_HOMEBTN_FOOTNOTES,"Cử chỉ nút Home (dùng chung cho 3 dòng Chạm, Chạm đúp, Nhấn giữ)",Hành động = Chú thích,Home mở chú thích. Mọt chính hiệu.,Home for footnotes. Certified nerd.,
STR_UGLY_QUIP_HOMEBTN_CONFIRM,"Cử chỉ nút Home (dùng chung cho 3 dòng Chạm, Chạm đúp, Nhấn giữ)",Hành động = Xác nhận,Home để xác nhận. Gật đầu hoài.,Home confirms. Such a yes-man.,
STR_UGLY_QUIP_HOMEBTN_KOSYNC,"Cử chỉ nút Home (dùng chung cho 3 dòng Chạm, Chạm đúp, Nhấn giữ)",Hành động = KOSync,Home để đồng bộ. Lo xa ghê.,Home syncs. Paranoid much?,
STR_UGLY_QUIP_HOMEBTN_BOOKMARK,"Cử chỉ nút Home (dùng chung cho 3 dòng Chạm, Chạm đúp, Nhấn giữ)",Hành động = Dấu trang,Home đánh dấu. Dấu nhiều hơn trang đọc.,Home bookmarks. More marks than pages read.,
STR_UGLY_QUIP_HOMEBTN_DICT,"Cử chỉ nút Home (dùng chung cho 3 dòng Chạm, Chạm đúp, Nhấn giữ)",Hành động = Từ điển,Home tra từ. Từ nào cũng phải tra à?,Home for dictionary. Every single word?,
STR_UGLY_QUIP_HOMEBTN_MENU,"Cử chỉ nút Home (dùng chung cho 3 dòng Chạm, Chạm đúp, Nhấn giữ)",Hành động = Menu đọc sách,Home mở menu. Vọc tiếp đi.,Home opens the menu. Keep tweaking.,
STR_UGLY_QUIP_HOMEBTN_LIGHT,"Cử chỉ nút Home (dùng chung cho 3 dòng Chạm, Chạm đúp, Nhấn giữ)",Hành động = Bật/Tắt đèn nền,Home bật đèn. Đọc đêm lén hả?,Home toggles light. Sneaky night reading?,
STR_UGLY_QUIP_TILTPAGE_OFF,"Cử chỉ (chỉ X3, có cảm biến nghiêng)",Lật trang khi nghiêng = TẮT,Tắt nghiêng. Ngồi yên đọc cho tử tế.,Tilt off. Sit still and read properly.,
STR_UGLY_QUIP_TILTTAB_OFF,"Cử chỉ (chỉ X3, có cảm biến nghiêng)",Nghiêng chuyển thẻ = TẮT,Tắt. Bấm nút như người bình thường đi.,Off. Use buttons like a normal person.,
STR_UGLY_QUIP_TILTMENU_OFF,"Cử chỉ (chỉ X3, có cảm biến nghiêng)",Nghiêng lên xuống menu = TẮT,Tắt. Khỏi gật gù với máy nữa.,Off. No more nodding at the device.,
STR_UGLY_QUIP_FLICKH_LIGHT,"Cử chỉ (chỉ X3, có cảm biến nghiêng)",Lực nghiêng ngang = Nhẹ,Nhẹ. Hắt xì cũng lật trang.,Light. A sneeze turns the page.,
STR_UGLY_QUIP_FLICKV_LIGHT,"Cử chỉ (chỉ X3, có cảm biến nghiêng)",Lực nghiêng dọc = Nhẹ,Nhẹ. Thở mạnh là cuộn menu.,Light. Breathe and it scrolls.,
STR_UGLY_QUIP_SHAKESTR_LIGHT,"Cử chỉ (chỉ X3, có cảm biến nghiêng)",Độ mạnh cú lắc = Nhẹ,Lắc nhẹ cũng ăn. Đi xe buýt là loạn.,Light. One bus ride and it's chaos.,
STR_UGLY_QUIP_SHAKE_OFF,"Cử chỉ (chỉ X3, có cảm biến nghiêng)",Lắc mạnh = TẮT,Tắt lắc. Hết giận cá chém thớt.,Shake off. Stop taking it out on me.,
STR_UGLY_QUIP_FACEDOWN_OFF,"Cử chỉ (chỉ X3, có cảm biến nghiêng)",Úp máy = TẮT,Úp đi. Tao vẫn thức canh mày lười.,Face down does nothing. Go ahead.,
STR_UGLY_QUIP_FACEUP_OFF,"Cử chỉ (chỉ X3, có cảm biến nghiêng)",Ngửa máy = TẮT,"Ngửa lên cũng vậy. Lật máy mãi, sách đâu?",Face up does nothing. Normal.,
STR_UGLY_QUIP_TAPBACK_OFF,"Cử chỉ (chỉ X3, có cảm biến nghiêng)",Gõ hai cái vào lưng máy = TẮT,Gõ tiếp đi. Tao có nghe đâu.,Back taps off. Knock yourself out.,
STR_UGLY_QUIP_TAPSCREEN_OFF,"Cử chỉ (chỉ X3, có cảm biến nghiêng)",Gõ hai cái lên màn hình = TẮT,Gõ màn chả sao. Bớt chọc màn đi.,Screen taps off. Stop poking it.,
STR_UGLY_QUIP_TAPEDGE_OFF,"Cử chỉ (chỉ X3, có cảm biến nghiêng)",Gõ hai cái vào cạnh máy = TẮT,Gõ cạnh chả sao. Khỏi gõ.,Edge taps off. Quit knocking.,
STR_UGLY_QUIP_GO_CLOCK,Hệ thống,Mở Đồng hồ,Chỉnh đồng hồ. Rồi có đọc đúng giờ không?,Setting the clock. Will you read on time?,
STR_UGLY_QUIP_TZ_SET,Hệ thống,Chọn xong 1 múi giờ,Múi giờ %s. Đi đâu cũng lười y vậy.,"Time zone %s. Same laziness, new place.",%s = tên múi giờ
STR_UGLY_QUIP_TZMODE_AUTO,Hệ thống,Chế độ múi giờ = Tự động,Tự dò múi giờ. Lười chọn luôn.,Auto time zone. Too lazy to pick.,
STR_UGLY_QUIP_TZMODE_MANUAL,Hệ thống,Chế độ múi giờ = Thủ công,Tự chọn múi giờ. Kỹ tính vl.,Manual time zone. Control freak.,
STR_UGLY_QUIP_DST_AUTO,Hệ thống,Giờ tiết kiệm ánh sáng ban ngày = Tự động,"Tự động. Để máy lo, mày lo ngủ.",Auto. Let the device worry.,
STR_UGLY_QUIP_DST_ON,Hệ thống,Giờ tiết kiệm ánh sáng ban ngày = BẬT,Bật giờ tiết kiệm. Tiết kiệm luôn giờ đọc hả?,"DST on. Saving daylight, wasting reading.",
STR_UGLY_QUIP_DST_OFF,Hệ thống,Giờ tiết kiệm ánh sáng ban ngày = TẮT,Tắt đổi giờ. Giờ đọc vẫn 0 hả?,Off. Time is time.,
STR_UGLY_QUIP_CLOCKFMT_24,Hệ thống,Định dạng giờ = 24 giờ,24 giờ. Mày dành mấy giờ để đọc?,24-hour. Military much?,
STR_UGLY_QUIP_CLOCKFMT_12,Hệ thống,Định dạng giờ = 12 giờ,12 giờ. Thích thêm chữ để đọc à?,12-hour. Guess AM or PM.,
STR_UGLY_QUIP_CLOCKHEAD_SHOW,Hệ thống,Hiển thị ở đầu trang = Hiện,Hiện giờ trên đầu. Canh giờ đi ngủ à?,Clock in header. Counting down to bed?,
STR_UGLY_QUIP_CLOCKHEAD_HIDE,Hệ thống,Hiển thị ở đầu trang = Ẩn,Ẩn giờ. Làm như sẽ đọc quên giờ.,Hidden. As if you'd lose track reading.,
STR_UGLY_QUIP_CLOCK_SYNCED,Hệ thống,"Bấm Đồng bộ đồng hồ ngay, đồng bộ xong",Giờ đúng rồi đó. Đọc chưa?,Clock synced. Now read.,
STR_UGLY_QUIP_HIDDEN_ON,Hệ thống,Hiện file ẩn = BẬT,Hiện file ẩn. Tò mò vãi.,Hidden files shown. Nosy.,
STR_UGLY_QUIP_HIDDEN_OFF,Hệ thống,Hiện file ẩn = TẮT,Giấu lại. Có gì mờ ám hả?,Hidden again. Something to hide?,
STR_UGLY_QUIP_META_ON,Hệ thống,Dùng siêu dữ liệu sách = BẬT,Dùng tên thật của sách. Lịch sự ghê.,Real book titles. How polite.,
STR_UGLY_QUIP_META_OFF,Hệ thống,Dùng siêu dữ liệu sách = TẮT,Hiện tên file. Xấu như chó luôn.,Raw filenames. Ugly as hell.,
STR_UGLY_QUIP_RMREAD_ON,Hệ thống,Xóa sách đã đọc khỏi danh sách gần đây = BẬT,Xong thì bỏ khỏi Gần đây. Bao giờ mới xong?,Clear finished books. Like you finish any.,
STR_UGLY_QUIP_RMREAD_OFF,Hệ thống,Xóa sách đã đọc khỏi danh sách gần đây = TẮT,Giữ hết. Khoe sách đã đọc à?,Keep them all. Showing off?,
STR_UGLY_QUIP_MVREAD_ON,Hệ thống,Chuyển sách đọc xong vào folder Đã đọc = BẬT,Có thư mục Đã đọc. Sẽ trống lâu đó.,A Read folder. It'll stay empty a while.,
STR_UGLY_QUIP_MVREAD_OFF,Hệ thống,Chuyển sách đọc xong vào folder Đã đọc = TẮT,Để nguyên. Lười dọn chứ gì.,"Leave them. Too lazy to tidy, huh?",
STR_UGLY_QUIP_GO_LANGUAGE,Thiết bị,Mở Ngôn ngữ,Đổi tiếng. Tiếng nào tao cũng chửi được.,Switch languages. I roast in all of them.,
STR_UGLY_QUIP_LANG_SET,Thiết bị,Chọn xong ngôn ngữ (hiện bằng tiếng vừa chọn),Tiếng Việt. Chửi cho thấm.,"English. Same roast, new accent.",
STR_UGLY_QUIP_DEVNAME_SET,Thiết bị,Đặt xong Tên thiết bị,Tên %s. Nghe sang hơn chủ.,Named it %s. Classier than its owner.,%s = tên máy vừa đặt
STR_UGLY_QUIP_GO_WIFI,Thiết bị,Mở Mạng Wi-Fi,Bật Wi-Fi. Đọc sách hay lướt mạng?,Wi-Fi. Reading or browsing?,
STR_UGLY_QUIP_GO_BLE,Thiết bị,Mở Lật trang Bluetooth,Sắm cả remote lật trang. Lười đỉnh cao.,A Bluetooth page turner. Peak laziness.,
STR_UGLY_QUIP_GO_ABOUT,Thiết bị,Mở Giới thiệu,Đọc trang giới thiệu. Rảnh vl.,Reading the About page. That bored?,
STR_UGLY_QUIP_GO_CHIP,Thiết bị,Bấm vào Chip màn hình,Soi chip màn hình. Tính sửa máy à?,Checking the display chip. Repairman now?,
STR_UGLY_QUIP_GO_KB_LAYOUTS,Bàn phím,Mở Bố cục bàn phím,Đổi bố cục. Gõ vẫn chậm thôi.,New layout. Still typing slow.,
STR_UGLY_QUIP_KBROW_STAGGER,Bàn phím,Hàng phím = Xếp lệch,Xếp lệch như phím thật. Hoài niệm à?,Staggered. Missing your laptop?,
STR_UGLY_QUIP_KBROW_STRAIGHT,Bàn phím,Hàng phím = Thẳng hàng,Thẳng hàng. Ngay ngắn hơn đời mày.,Straight rows. Straighter than your life.,
STR_UGLY_QUIP_KBSWAP_ON,Bàn phím,Nút trước khi nhập chữ = BẬT,Đảo nút khi gõ. Rối thêm cho vui.,Swapped while typing. More chaos.,
STR_UGLY_QUIP_KBSWAP_OFF,Bàn phím,Nút trước khi nhập chữ = TẮT,Nút như cũ. Gõ chậm như cũ.,Buttons normal. Typing still slow.,
STR_UGLY_QUIP_GO_KOSYNC,Khác,Mở Đồng bộ KOReader,Đồng bộ KOReader. Lây cái lười qua máy khác.,KOReader sync. Spread the laziness.,
STR_UGLY_QUIP_GO_OPDS_SERVERS,Khác,Mở Server OPDS,Thêm server sách. Gom thêm để bỏ đó.,More book servers. More to ignore.,
STR_UGLY_QUIP_GO_OPDS_BROWSER,Khác,Mở Trình duyệt OPDS,Lướt kho sách. Tải về rồi để đó hả?,Browsing books online. Download and forget?,
STR_UGLY_QUIP_CACHE_CLEARED,Khác,"Xóa cache mọi sách, xoá xong",Cache sạch. Lương tâm vẫn dơ.,Cache cleared. Your conscience isn't.,
STR_UGLY_QUIP_GO_UPDATES,Khác,Mở Kiểm tra cập nhật,"Đòi cập nhật. Máy mới, người cũ.","Checking updates. New firmware, same you.",
STR_UGLY_QUIP_GO_SD_FIRMWARE,Khác,Mở Cập nhật firmware từ thẻ SD,Tự nạp đi. Thành cục gạch ráng chịu.,"Flashing from SD. Brick it, own it.",
STR_UGLY_QUIP_KOMATCH_NAME,Khác,Khớp tài liệu = Tên file (trong Đồng bộ KOReader),Khớp theo tên file. Đặt bừa là toang.,"Match by filename. Messy names, toast.",
STR_UGLY_QUIP_KOMATCH_BINARY,Khác,Khớp tài liệu = Nhị phân,Khớp nhị phân. Nghe như dân IT.,Binary match. Big nerd energy.,
STR_UGLY_QUIP_KOMETA_ON,Khác,Gửi metadata sách = BẬT,Gửi metadata. Khoe đang đọc gì à?,Send metadata. Bragging about your book?,
STR_UGLY_QUIP_KOMETA_OFF,Khác,Gửi metadata sách = TẮT,Giấu metadata. Đọc gì mà giấu?,No metadata. What are you hiding?,
STR_UGLY_QUIP_KOSYNC_ASK,Khác,Cách đồng bộ = Hỏi mỗi lần,Hỏi hoài. Phiền vãi.,Ask every time. Annoying as hell.,
STR_UGLY_QUIP_KOSYNC_SMART,Khác,Cách đồng bộ = Đồng bộ thông minh,Đồng bộ thông minh. Máy khôn hơn chủ.,Smart sync. Smarter than you.,
